{"reports": [{"Gradient Boosting": {"0": {"precision": 0.8614993646759848, "recall": 0.8851174934725848, "f1-score": 0.8731487443657437, "support": 766}, "1": {"precision": 0.8770949720670391, "recall": 0.8521031207598372, "f1-score": 0.8644184445973848, "support": 737}, "accuracy": 0.8689288090485695, "macro avg": {"precision": 0.8692971683715119, "recall": 0.868610307116211, "f1-score": 0.8687835944815643, "support": 1503}, "weighted avg": {"precision": 0.869146711746648, "recall": 0.8689288090485695, "f1-score": 0.8688678189304274, "support": 1503}}}]}