{
    "reports": [
        {
            "Gradient Boosting": {
                "0": {
                    "precision": 0.867704280155642,
                    "recall": 0.8733681462140992,
                    "f1-score": 0.870527000650618,
                    "support": 766
                },
                "1": {
                    "precision": 0.8674863387978142,
                    "recall": 0.8616010854816825,
                    "f1-score": 0.8645336963921034,
                    "support": 737
                },
                "accuracy": 0.867598137059215,
                "macro avg": {
                    "precision": 0.8675953094767281,
                    "recall": 0.8674846158478908,
                    "f1-score": 0.8675303485213608,
                    "support": 1503
                },
                "weighted avg": {
                    "precision": 0.8675974120380645,
                    "recall": 0.867598137059215,
                    "f1-score": 0.8675881681565892,
                    "support": 1503
                }
            }
        }
    ]
}